,Unnamed: 0,tweetID,tweetText,tweetRetweetCt,tweetFavoriteCt,tweetSource,tweetCreated,userID,userScreen,userName,userCreateDt,userDesc,userFollowerCt,userFriendsCt,userLocation,userTimezone,tweetHashtagCt,Weight
1,490,710977927953842176,"@Kent_in_Utah So your accusation of Trump is one of  reckless abandon and apathy, whereas with Clinton it's not?",0,0,Twitter for Android,2016-03-18 23:55:22,44204893,4hill2015,Terrell Williams,2009-06-02 20:50:46,"LDS. BYU Sports-Writer, Reporter for https://t.co/2XG94gM9qu. BYU Recruiting, Football, Basketball, news, hoops, FWAA Member.",7762,5309,Orem Utah,Mountain Time (US & Canada),0,1.0
2,5147,710967293862219777,"Why #pharmaharmed should be anti Hillary Clinton
https://t.co/jOPg0eMMLF",1,1,Mobile Web,2016-03-18 23:13:06,3116617103,BenzoBrains,Jocelyn Pedersen,2015-03-26 01:08:13,"Educator, performer, and mother of two. Passionate advocate on behalf of those harmed by psychiatric medication and in helping them reclaim their health.",213,135,"Utah, USA",Mountain Time (US & Canada),1,0.265
3,5292,710966941486174208,RT @Riley_Jenkins1: have issues w/ Trump &amp; Cruz &amp; kasich is dem but respect will of people &amp; will vote 4 repub nominatd wont leave my kids ‚Ä¶,4,0,Twitter for Android,2016-03-18 23:11:42,17148456,gcamp4,Gaston Campbell,2008-11-04 04:04:51,I am a proud supporter of Trump. Christian. patriot. US vet. Love USA with all my heart. No PC,5596,4715,Utah,America/Denver,0,1.0
4,7820,710961886850785280,RT @ABCLiz: Clinton camp reaches 1 million contributors ‚Äì  https://t.co/iAI7d6DHZw,37,0,Twitter for Android,2016-03-18 22:51:37,33422843,Claudie4,Claudia Crosland,2009-04-20 04:27:18,"Trial watcher, music lover, love reading books, love my friends and family.  Mother. Progressive",481,412,Utah77777777777776777777677777,Mountain Time (US & Canada),0,1.0
5,8940,710959654222700544,RT @BernieSanders: Sec. Clinton says she got to travel the world. Did she happen to notice that every major country guarantees health care ‚Ä¶,5601,0,Twitter for Android,2016-03-18 22:42:45,510871910,e00donohue,Ernest Donohue,2012-03-01 21:20:42,"Love eating, drinking, music, and the outdoors",399,374,Northern Utah,Mountain Time (US & Canada),0,1.0
6,9469,710958568514531328,"RT @DavidLimbaugh: It‚Äôs premature, anyway, to talk about voting for Trump over Clinton. It‚Äôs far from over yet. I am a couple billion perce‚Ä¶",105,0,Twitter for Android,2016-03-18 22:38:26,415882402,RaAnnClegg,RaAnn Clegg,2011-11-18 23:14:18,"Author, Certified Liife Coach, Reiki Master, Tarot & Rune Reader, Designer, Painter, Various Interests, Blind",34,75,Eastern Utah,Pacific Time (US & Canada),0,1.0
7,9500,710958507940454400,RT @CarlyFiorina: Ted Cruz is a leader and a reformer who isn‚Äôt afraid to ruffle feathers when he is fighting for the American people. http‚Ä¶,675,0,Twitter for Android,2016-03-18 22:38:11,415882402,RaAnnClegg,RaAnn Clegg,2011-11-18 23:14:18,"Author, Certified Liife Coach, Reiki Master, Tarot & Rune Reader, Designer, Painter, Various Interests, Blind",34,75,Eastern Utah,Pacific Time (US & Canada),0,1.0
8,10111,710957259598094336,"RT @CarlyFiorina: If we judge a leader on his record, we know what Trump will do: use public power for private gain. https://t.co/GqCHyBbW2L",1413,0,Twitter for Android,2016-03-18 22:33:14,1673406060,Jacki8182,Jacki - #never trump,2013-08-15 15:31:29,I have been happily married since I was 18 I have 4 beautiful children I love God and my country I stand with Israel and I support cruz.#nevertrump,1578,1569,utah ,,0,1.0
9,10390,710956751701540864,SLC Mayor Jackie Biskupski to canvass for Clinton Saturday https://t.co/CV7XIN97cQ,0,1,Hootsuite,2016-03-18 22:31:13,19846812,AJUTAH,Andrew James,2009-02-01 04:38:02,"Tweeting #Utah news | Author, Reporter, SEO Consultant",4737,2986,"Salt Lake City, Utah",Mountain Time (US & Canada),0,1.0
10,12284,710953385063624704,"RT @CarlyFiorina: If we judge a leader on his record, we know what Trump will do: use public power for private gain. https://t.co/GqCHyBbW2L",1413,0,TweetDeck,2016-03-18 22:17:50,239533860,CoxWebDev,Seth,2011-01-17 21:07:47,"#BYU, #WebDevelopment, #FamilyMan, #American, #Conservative, #Mormon",1543,1213,Utah,Pacific Time (US & Canada),0,1.0
11,12782,710952443329253377,SLC Mayor Jackie Biskupski to canvass for Clinton Saturday https://t.co/XbaQ5xv6N0 #Utah,0,0,Buffer,2016-03-18 22:14:06,3021903990,UtahPage,UtahPage,2015-02-16 04:50:41,,8990,54,"Salt Lake City, Utah",,1,0.265
12,13157,710951736618262528,"Can you recommend anyone for this #Retail #job? https://t.co/UxquRymKP6 #Clinton, UT #Hiring #CareerArc",0,0,TweetMyJOBS,2016-03-18 22:11:17,59989716,tmj_ut_retail,TMJ-UT Retail Jobs,2009-07-25 05:23:13,Follow this account for geo-targeted Retail job tweets in Utah Non-Metro. Need help? Tweet us at @CareerArc!,333,300,Utah,Central Time (US & Canada),5,0.018
13,14579,710949090519941121,SLC Mayor Jackie Biskupski to canvass for Clinton Saturday https://t.co/0PCOVWu6HQ https://t.co/hM7Wl4STgX,1,1,Twitter Web Client,2016-03-18 22:00:46,28152330,fox13now,FOX 13 NOW,2009-04-01 17:43:12,We're the team at Fox 13 News in Salt Lake City. If you see news happening call (801) 536-1313 or email news@fox13now.com,76884,7261,"Salt Lake City, Utah",Mountain Time (US & Canada),0,1.0
14,14661,710948954599350272,RT @realDonaldTrump: Hillary Clinton has been involved in corruption for most of her professional life!,14571,0,Twitter for iPhone,2016-03-18 22:00:14,3279173136,Tom_the_Bruce,Tom,2015-07-14 04:59:04,24 years old. Right-winger. Trump supporter.,13,133,"Utah, USA",,0,1.0
15,15094,710948183145197568,"Hillary Clinton told Google to block videos, and they did it.  Can't seem to find this on major news outlet though. https://t.co/zV6bZAu04h",1,0,TweetDeck,2016-03-18 21:57:10,16230687,geoffkeene,Geoff 'Zag' Keene,2008-09-11 00:16:32,Design Director of @Sandswept. Developing @UnfortSpacemen. Girlfriends are @KateitaK & @UnrealEngine. Room for several more waifu. Opinions are mine.,1992,614,"Utah, Unfortunately",Mountain Time (US & Canada),0,1.0
16,16379,710945851158372353,RT @brendonwalsh: Hillary Clinton lying for 13 minutes straight. https://t.co/BMABcl86Q3,19,0,Twitter for Android,2016-03-18 21:47:54,186314722,NGC_660,juno,2010-09-03 03:23:39,hey the planet is dying what's up,292,95,utah,Central Time (US & Canada),0,1.0
17,16649,710945487977783296,RT @brendonwalsh: Hillary Clinton lying for 13 minutes straight. https://t.co/BMABcl86Q3,19,0,Twitter for Android,2016-03-18 21:46:27,189677071,christlarson,Smokestack,2010-09-11 22:52:46,"The hero Twitter deserves, but not the one it needs right now.",140,554,Utah,,0,1.0
18,17122,710944591927586816,RT @BernieSanders: Sec. Clinton says she got to travel the world. Did she happen to notice that every major country guarantees health care ‚Ä¶,5601,0,Twitter for Android,2016-03-18 21:42:54,195780396,Cera_Music,Gibby,2010-09-27 15:21:54,Music and Satan ‚Ä¢Insta: ceraofficialmusic,469,131,Utah,Mountain Time (US & Canada),0,1.0
19,18815,710942166579712000,RT @BernieSanders: Sec. Clinton says she got to travel the world. Did she happen to notice that every major country guarantees health care ‚Ä¶,5601,0,Twitter for iPhone,2016-03-18 21:33:15,264934897,elias_brooks,Elias Brooks,2011-03-12 18:15:13,‚ÄúOur deepest fear is not that we are inadequate. Our deepest fear is that we are powerful beyond measure. -Nelson Mandela,148,302,"Salt Lake City, Utah",Central Time (US & Canada),0,1.0
20,20063,710940017514819584,RT @docrocktex26: Hillary Clinton doesn't need White men https://t.co/5L0H2YbdfF,88,0,Twitter for iPhone,2016-03-18 21:24:43,458084975,_leahhall,leah,2012-01-08 04:58:37,"yes hello it is me, Internet feminist girl :-)",800,338,"Utah, USA",Mountain Time (US & Canada),0,1.0
21,20575,710939066464755712,"#WhichHillary #ImNotWithHer
Hillary Clinton: Republican For President, Redux (Documentary) https://t.co/EigjjVnNyS via @YouTube",0,0,Twitter Web Client,2016-03-18 21:20:56,858275234,vpgorman,Vinnie Gorman,2012-10-02 15:54:37,I tweet mostly about MTG and occasionally about music or sports.,164,251,"Salt Lake City, Utah",Mountain Time (US & Canada),2,0.127
22,20924,710938496333062144,RT @bendykoval: Hillary Clinton dabbing was single-handledly the worst moment of her hello-teens-pls-like-me-more campaign. https://t.co/Ka‚Ä¶,331,0,Twitter for iPhone,2016-03-18 21:18:40,3396769334,radicalrile,riles,2015-08-30 21:35:04,"I'm just a soul, whose intentions are good, oh lord please don't let me be misunderstood (brows by @colleensbrows)",323,197,"bonezone, utah",,0,1.0
23,21267,710937902151106560,RT @BernieSanders: Sec. Clinton says she got to travel the world. Did she happen to notice that every major country guarantees health care ‚Ä¶,5601,0,Twitter for iPhone,2016-03-18 21:16:19,107847633,_chasetofer,Hunk Crybaby,2010-01-23 23:40:42,"I like black coffee, strong tea, and the mountains. @ViciousYouthCo",359,166,"Ogden, Utah",Mountain Time (US & Canada),0,1.0
24,1246,711338710470492160,RT @keithmarkmra: Last thought. Where are the large protest against criminal @HillaryClinton re: #Bengazhi -her email scandal-Clinton Found‚Ä¶,418,0,Twitter for Android,2016-03-19 23:48:59,17148456,gcamp4,Gaston Campbell,2008-11-04 04:04:51,I am a proud supporter of Trump. Christian. patriot. US vet. Love USA with all my heart. No PC,5616,4736,Utah,America/Denver,1,0.265
25,36,711703782694871041,"@GemmaHart3 Sanders wants to get big money out of politics. Clinton doesn't want to even try, &amp; in fact benefits from the corrupt system.",0,1,Twitter for Android,2016-03-20 23:59:39,2954800080,bronsonjbarton,Bronson,2015-01-01 13:08:37,"Ex-Mormon, atheist, underachieving geologist/paleontologist.
#FeelTheBern",1196,1267,"Logan, Utah",,0,1.0
26,600,711702214805315585,"Record turnout expected for Tuesday caucuses: Trump, Clinton, et al. have party officials expecting a raucous ... https://t.co/ibmYqdUBo7",1,0,twitterfeed,2016-03-20 23:53:25,36198016,SpectrumNews,The Spectrum,2009-04-28 22:05:17,The Spectrum is southern Utah's No. 1 source for news and information.,7436,960,Southern Utah,Mountain Time (US & Canada),0,1.0
27,686,711701968318648320,RT @KaivanShroff: Hillary Clinton was one of Obama's closest advisors and recommended easing relations with #Cuba. Her wisdom helped make t‚Ä¶,89,0,Twitter for iPhone,2016-03-20 23:52:26,580130219,Melomelly2,Melody Alemansour,2012-05-14 18:44:48,#imwithher,613,1070,"Utah, USA",Arizona,1,0.265
28,3311,711695085667098624,"RT @virginia4bernie: If Trump=GOP nominee, Utah goes blue in Nov:
üî∑ Hillary beats him by 2%
üî∂ Bernie WALLOPS him by 11% 
#bythepeople
https‚Ä¶",256,0,Twitter for Android Tablets,2016-03-20 23:25:05,20521851,SandBeach,sand@beach,2009-02-10 16:01:53,"Swim Instructor, Dog Trainer, Cowgirl, Barrel Racer, Dance Instructor",58,167,"St. George (Ivins), Utah",Mountain Time (US & Canada),1,0.265
29,4121,711692621538668544,RT @trrvisXX: When Trump and Clinton your leading presidential candidates... https://t.co/uSm1m501an,1765,0,Twitter for Android,2016-03-20 23:15:18,2214834324,eve_laaa,‚ú®,2013-11-25 23:39:30,"The perfect date? Taking long, romantic walks to my fridge.                      #livingthedream",371,112,"Smalltown, Utah",Mountain Time (US & Canada),0,1.0
30,4559,711691205394898944,"RT @mostawesomeblog: HILLARY pushed fracking around the world
1 https://t.co/vy6eXW9MEU ‚Ä¶ ‚Ä¶ ‚Ä¶ ‚Ä¶ ‚Ä¶ ‚Ä¶
2 https://t.co/63QYqDw99L ‚Ä¶ ‚Ä¶ ‚Ä¶ ‚Ä¶ ‚Ä¶ ‚Ä¶ h‚Ä¶",2,0,Twitter for Android,2016-03-20 23:09:40,510871910,e00donohue,Ernest Donohue,2012-03-01 21:20:42,"Love eating, drinking, music, and the outdoors",399,370,Northern Utah,Mountain Time (US & Canada),0,1.0
31,4859,711690375916756992,"RT @FranMFarber: THIS IS WHY YOU CAN'T VOTE FOR HILLARY. #DONALDTRUMP
https://t.co/nDYfOsI0Gk",6,0,Twitter for Android,2016-03-20 23:06:22,17148456,gcamp4,Gaston Campbell,2008-11-04 04:04:51,I am a proud supporter of Trump. Christian. patriot. US vet. Love USA with all my heart. No PC,5646,4792,Utah,America/Denver,1,0.265
32,4952,711690117774049281,"@Patbagley The whole world knows Clinton; not so with Sanders. But the more they learn, the more they admire, respect, &amp; support him.",0,1,Twitter Web Client,2016-03-20 23:05:21,45353985,yanquetino,Mark Larsen,2009-06-07 15:08:43,A Homo insidious who is trying to be more sapiens,256,148,"Ivins, Utah",Mountain Time (US & Canada),0,1.0
33,5532,711688212553424896,RT @rrich2312: We don't need another divider in chief #DemTownHall https://t.co/5u2T7Z1kDK,3,0,Twitter for Android,2016-03-20 22:57:47,17148456,gcamp4,Gaston Campbell,2008-11-04 04:04:51,I am a proud supporter of Trump. Christian. patriot. US vet. Love USA with all my heart. No PC,5647,4792,Utah,America/Denver,1,0.265
34,6925,711683500445839360,"@chucktodd wringing his hands that Clinton is treated unfair because she has a vagina.  Good god, does he bob on Billys knob?",0,0,Twitter for Android,2016-03-20 22:39:03,147752264,MediaSharkLLC,MediaShark,2010-05-24 23:46:27,"Sarcastic news, sports and weather every hour on the 9's.",163,337,"Salt Lake City, Utah",Mountain Time (US & Canada),0,1.0
35,7361,711682111023898625,"Sanders outperforms Clinton in Caucuses vs. Primaries. However, only 9 of the remaining 28 contests are caucuses. https://t.co/xwS6u6Q36g",0,1,Twitter Web Client,2016-03-20 22:33:32,24072992,JADPhD,Jay DeSart,2009-03-12 23:43:21,"Associate Professor of Political Science at Utah Valley University, specializing in American public opinion and voting behavior.",303,30,"Utah, USA",Mountain Time (US & Canada),0,1.0
36,10396,711673268432871424,"RT @vakaviti: Hillary Clinton is a good person.  You may not like her politics or her leadership, but she has strong character.",1,0,Twitter for Android,2016-03-20 21:58:24,321715990,PortlandUte,The Missing Umlaut,2011-06-22 01:04:50,Guarding the cave of knowlege,1135,658,Utah,Mountain Time (US & Canada),0,1.0
37,11061,711671269645619200,RT @fawfulfan: Trump could turn Utah blue. Let's let that sink in for a second. Utah. https://t.co/f9KaZ6e1o2,15,0,Twitter Web Client,2016-03-20 21:50:27,293116923,aaronquinlan,Aaron Quinlan,2011-05-04 19:51:25,Assoc. Prof of Human Genetics and Biomedical Informatics. We create and apply  algorithms to understand genome biology and the genetic basis of traits.,4292,627,Univ. of Utah,Quito,0,1.0
38,11090,711671205749596160,"@dadofboys5 @bwfanzzz Because, they're all apart of the same team. Clinton, Bush, different side of the same coin. Trump included.",0,0,Twitter for Android,2016-03-20 21:50:12,44204893,4hill2015,Terrell Williams,2009-06-02 20:50:46,"LDS. BYU Sports-Writer, Reporter for https://t.co/2XG94gM9qu. BYU Recruiting, Football, Basketball, news, hoops, FWAA Member.",7764,5305,Orem Utah,Mountain Time (US & Canada),0,1.0
39,11464,711670097765478401,RT @RealBigNik: Hillary Clinton makes me cringe,20,0,Twitter for iPhone,2016-03-20 21:45:48,2996266698,thaliarocks1,Thalia#BigNikFriends,2015-01-25 23:41:57,‚Ä¢BigNik‚ù§Ô∏è‚Ä¢ |Bamy is my king| ~Hunter James ‚ú®~,870,1895,"Utah, USA",,0,1.0
40,15349,711657546931503105,"RT @maryaliceparks: Sanders: ""I do not believe that real change is going to come from a candidate like Sec Clinton"" #BernieInWA",162,0,Twitter for Android,2016-03-20 20:55:55,3024677816,peteravalencia,Peter Valencia,2015-02-18 03:27:14,Social News @WAGGNews | Aspiring Entrepreneur | Inquiries: petervalencia@icloud.com,137,569,"Salt Lake City, Utah",,1,0.265
41,15872,711655920997011456,"RT @maryaliceparks: Sanders: ""I do not believe that real change is going to come from a candidate like Sec Clinton"" #BernieInWA",162,0,Twitter Web Client,2016-03-20 20:49:28,707270014395527168,ofthreeleaves,Nora,2016-03-08 18:21:26,"Writer, lucid dreamer, rose hybridizer. #FeeltheBern",23,87,"Utah, USA",Pacific Time (US & Canada),1,0.265
42,17017,711651823971491840,Frank Luntz on focus group: Why voters won't vote for Trump and Clinton - CBS News https://t.co/LZ1tmCTdvQ,0,0,Twitter for iPhone,2016-03-20 20:33:11,306415570,robbiehart21,Johnny Mack,2011-05-27 21:00:02,"Truth, Justice, and the American way..Maximum freedom=Maximum responsibility #freedom #menkesdisease https://t.co/MNizth1mI1",2270,2433,Utah,Central Time (US & Canada),0,1.0
43,17257,711651254414548992,RT @GaetaSusan: Surprised Clintons are Involved in Hammond RanchüëâUraniumüëàRussians‚ùóYou Dont Know Her #Liar üëáüëáüëáhttps://t.co/SjHbQTWJnX https:‚Ä¶,386,0,Twitter for Android,2016-03-20 20:30:55,2427719012,larryk101969,Larry K Robinson,2014-04-04 19:00:36,"Conservative Dad,Doing one of those jobs that Americans don't want.  ( Christ,Family,Constitution ) America's only chance.",299,699,spanish fork Utah ,,1,0.265
44,19192,711644860462211072,"RT @cascamike: clinton camp says 50% of their feb money came from ""grassroots online donations,"" but they reported only 29% in unitemized c‚Ä¶",142,0,Twitter Web Client,2016-03-20 20:05:31,707270014395527168,ofthreeleaves,Nora,2016-03-08 18:21:26,"Writer, lucid dreamer, rose hybridizer. #FeeltheBern",23,87,"Utah, USA",Pacific Time (US & Canada),0,1.0
45,19941,711642654002417665,RT @heraldextra: BYU grad working as Clinton field manager in SLC https://t.co/wpwQ4dIAmp https://t.co/vqXzRfePZ3,17,0,Twitter for iPhone,2016-03-20 19:56:45,580130219,Melomelly2,Melody Alemansour,2012-05-14 18:44:48,#imwithher,615,1070,"Utah, USA",Arizona,0,1.0
46,21291,711638945960841216,"@realDonaldTrump Monica Lewinsky, now 40 and 17 years removed from her affair with then-President Bill Clinton https://t.co/QXnZwewYOL",0,0,Twitter Web Client,2016-03-20 19:42:00,3035044123,robalien666,konstantin.n.burdan,2015-02-21 17:15:51,ROBalien666,1067,3041,Salt Lake City Utah ,,0,1.0
47,24195,711630598582829056,RT @DNewsPolitics: New Deseret News/KSL poll: Utahns would vote for Clinton or Sanders over Trump https://t.co/Eo6E5s6fJP #utpol https://t.‚Ä¶,13,0,Twitter for Android,2016-03-20 19:08:50,239533860,CoxWebDev,Seth,2011-01-17 21:07:47,"#BYU, #WebDevelopment, #FamilyMan, #American, #Conservative, #Mormon",1544,1213,Utah,Pacific Time (US & Canada),1,0.265
48,25140,711627773534543872,RT @thehill: Poll: Utah would vote for a Democrat over Trump https://t.co/03sRtF04ID https://t.co/cFYAZXptdM,76,0,Twitter for iPhone,2016-03-20 18:57:37,78074546,Cdewittbrown,Chase Brown,2009-09-28 17:48:34,Is this thing on? Hello?!,221,651,"Orem, Utah, USA",Mountain Time (US & Canada),0,1.0
49,25275,711627380486381569,RT @DNewsPolitics: New Deseret News/KSL poll: Utahns would vote for Clinton or Sanders over Trump https://t.co/Eo6E5s6fJP #utpol https://t.‚Ä¶,13,0,Twitter for Android,2016-03-20 18:56:03,64070589,Unitryb4,Melanie Jenson,2009-08-09 00:04:53,Life in Mommyworld,73,231,Utah,Mountain Time (US & Canada),1,0.265
50,25293,711627328267231232,Truth-O-Meter for Hillary Clinton | PolitiFact https://t.co/WZ74GXL7DH,0,0,Twitter for iPhone,2016-03-20 18:55:51,933499622,utahbug,Utah Bug,2012-11-08 02:50:53,"Interested in news events, politics, science, and a touch of Utah religion. Please don't assign me to a political party.",335,755,Utah,Mountain Time (US & Canada),0,1.0
51,25317,711627247539478529,"Sanders has unpleasant news for Clinton 
#StillSanders #FeelTheBern
https://t.co/ZiYcnT2JTJ",0,1,Twitter Web Client,2016-03-20 18:55:31,35051822,AnthropologyMom,Lizzy,2009-04-24 21:49:55,Anthropology mom to four kiddos. #FeelTheBern,280,213,Utah,Tehran,2,0.127
52,25346,711627164425170945,"Poll: Clinton, Sanders would beat Trump in Utah - The Hill (blog) https://t.co/4osmoNNsRb  - #BYU https://t.co/3lGLSGJdu4",8,0,dlvr.it,2016-03-20 18:55:12,167964004,BYU_News,BYU News,2010-07-18 01:05:43,"This fan site tweets news about Brigham Young University (BYU).

Operated by a BYU alumnus and is a public service of Provo's most meticulous diamond jeweler...",6398,5838,Utah County,Pacific Time (US & Canada),1,0.265
53,25834,711625714785607680,"RT @larryelder: Alleged Bill Clinton rape survivor could go on NBC, claim Hillary verbally threatened her--and media would NEVER ask HRC ab‚Ä¶",95,0,Twitter for Android,2016-03-20 18:49:26,321715990,PortlandUte,The Missing Umlaut,2011-06-22 01:04:50,Guarding the cave of knowlege,1135,658,Utah,Mountain Time (US & Canada),0,1.0
54,26116,711624874146418688,RT @DNewsPolitics: New Deseret News/KSL poll: Utahns would vote for Clinton or Sanders over Trump https://t.co/Eo6E5s6fJP #utpol https://t.‚Ä¶,13,0,Utah Politics Retweeter and Autofollow,2016-03-20 18:46:06,17239307,utahpolitics,utahpolitics,2008-11-07 21:27:07,"Politics in Utah, what else?",9959,7444,Utah,Mountain Time (US & Canada),1,0.265
55,26183,711624778801479681,New Deseret News/KSL poll: Utahns would vote for Clinton or Sanders over Trump https://t.co/Eo6E5s6fJP #utpol https://t.co/ZuxQVWdQmY,13,13,TweetDeck,2016-03-20 18:45:43,36191695,DNewsPolitics,DNews Politics,2009-04-28 21:36:34,"All political news ‚Äî national, state, local ‚Äî from the Deseret News politics team.  politics@deseretnews.com",4286,770,"Salt Lake City, Utah",Mountain Time (US & Canada),1,0.265
56,26926,711622510479958016,SLC Mayor Jackie Biskupski canvasses for Clinton ahead of Utah's caucus - https://t.co/r7fdRtWjje https://t.co/BpjIYckkxg,0,0,twitterfeed,2016-03-20 18:36:42,29740125,TweetSLC,Tweet SLC,2009-04-08 15:29:47,"Tweet SLC!  Twitter page about SLC Utah.  News, Politics, Events, Music, Culture in Salt Lake City Utah... and Beyond   Tweet Tweet Salt Lake!",4307,285,SLC Utah,Mountain Time (US & Canada),0,1.0
57,27902,711619731787153408,RT @Lou_WilsonRU: Hillary Clinton is a megalomaniac with no respect for anyone or our country! https://t.co/AYP9gr6R1Z,42,0,Twitter for Android,2016-03-20 18:25:39,17148456,gcamp4,Gaston Campbell,2008-11-04 04:04:51,I am a proud supporter of Trump. Christian. patriot. US vet. Love USA with all my heart. No PC,5650,4803,Utah,America/Denver,0,1.0
58,28165,711619009490214912,RT @Donna_West: Poll shows that Millennials would flock to Clinton against Trump https://t.co/2FJOZIGkUP via @usatodayl,17,0,Twitter for iPhone,2016-03-20 18:22:47,580130219,Melomelly2,Melody Alemansour,2012-05-14 18:44:48,#imwithher,617,1073,"Utah, USA",Arizona,0,1.0
59,29790,711614719157673985,Donald Trump Versus Hillary Clinton: A Quarter Of Republicans Would Vote For Clinton Says Poll https://t.co/s17Uz8tZNG,0,0,Twitter Web Client,2016-03-20 18:05:44,41641741,em18966,Trish Ramirez,2009-05-21 18:14:50,Freelance writer and book reviewer.  Cheers.,93,73,Utah,Mountain Time (US & Canada),0,1.0
60,29799,711614685666222080,"RT @ForecasterEnten: The problem is logic yells at you ""no way the GOP is about to nominate a guy trailing Clinton/Sanders in Utah..."" And ‚Ä¶",98,0,Twitter for iPhone,2016-03-20 18:05:36,3281245442,nataliewrites,Natalie R. Collins,2015-07-16 04:24:39,"Author of WIVES AND SISTERS, TIES THAT BIND, TUTU DEADLY, TAPPED OUT and more. Living the #gypsylife in a trailer and exploring the world around me.",156,125,"Utah, USA",America/Denver,0,1.0
61,29817,711614632637685761,Donald Trump Versus Hillary Clinton: A Quarter Of Republicans Would Vote For Clinton Says Poll https://t.co/ri2ksHqgE1,0,0,Facebook,2016-03-20 18:05:24,41641741,em18966,Trish Ramirez,2009-05-21 18:14:50,Freelance writer and book reviewer.  Cheers.,93,73,Utah,Mountain Time (US & Canada),0,1.0
62,29840,711614557173714946,Donald Trump Versus Hillary Clinton: A Quarter Of Republicans Would Vote For Clinton Says Poll https://t.co/zsYCHTgkUT,0,0,Facebook,2016-03-20 18:05:06,41641741,em18966,Trish Ramirez,2009-05-21 18:14:50,Freelance writer and book reviewer.  Cheers.,93,73,Utah,Mountain Time (US & Canada),0,1.0
63,29868,711614463078735872,Donald Trump Versus Hillary Clinton: A Quarter Of Republicans Would Vote For Clinton Says Poll https://t.co/1QICXUSZGr,0,0,Facebook,2016-03-20 18:04:43,41641741,em18966,Trish Ramirez,2009-05-21 18:14:50,Freelance writer and book reviewer.  Cheers.,93,73,Utah,Mountain Time (US & Canada),0,1.0
64,30775,711612112355794949,"RT @JesusForBernie: It's unconscionable that Clinton supporters carry and hide her baggage for her even when an honest, principled man come‚Ä¶",53,0,Twitter for Android,2016-03-20 17:55:23,2287108850,k_ile_y,kiley eslinger,2014-01-11 19:53:20,"A nation will not survive morally or economically when so few have so much and so many have so little.
#FeelTheBern #Berner #BernieOrBust #NotMeUs #StillSanders",600,1036,"Utah, USA",Mazatlan,0,1.0
65,31635,711609830343970816,The conclusion here is that Clinton would win the nomination even if there were no such thing as Superdelegates.,3,2,Twitter Web Client,2016-03-20 17:46:19,24072992,JADPhD,Jay DeSart,2009-03-12 23:43:21,"Associate Professor of Political Science at Utah Valley University, specializing in American public opinion and voting behavior.",303,30,"Utah, USA",Mountain Time (US & Canada),0,1.0
66,32036,711608433988935681,"RT @ShaunKing: Clinton spokesperson says she won't call for Snyder resignation.

Sanders calls for it.

On stage, Clinton flip/flop
https:/‚Ä¶",1040,0,Twitter for Android,2016-03-20 17:40:46,2287108850,k_ile_y,kiley eslinger,2014-01-11 19:53:20,"A nation will not survive morally or economically when so few have so much and so many have so little.
#FeelTheBern #Berner #BernieOrBust #NotMeUs #StillSanders",601,1036,"Utah, USA",Mazatlan,0,1.0
67,32881,711606198659719168,"RT @ForecasterEnten: The problem is logic yells at you ""no way the GOP is about to nominate a guy trailing Clinton/Sanders in Utah..."" And ‚Ä¶",98,0,Twitter for iPhone,2016-03-20 17:31:53,448217494,votemadsen,MarkBMadsen,2011-12-27 19:10:13,"Utah State Senator representing District 13, serving as chair of Senate Judiciary, Criminal Justice, and Law Enforcement Committee.",1625,785,Utah,,0,1.0
68,32886,711606180108324864,Poll: Utahns would vote for Sanders and Clinton over Trump! Sanders would win w/ 48% of votes to 37% for #Trump. https://t.co/VoS0Yv31jd,0,0,Twitter for Android,2016-03-20 17:31:48,18031766,Mike_Ro,Michael,2008-12-10 21:48:21,"1D, Mature but less so everyday. I'm exploring photojournalism here - @davisnewsphotos  And a business owner - Custom Photo Bracelets: https://t.co/PUFbVuy4xp.",74,172,Utah,Mountain Time (US & Canada),1,0.265
69,34124,711602982664601600,"RT @sexyquarterback: Hey Utah Democrats,
See this? Maybe you should ~think twice~ before automatically supporting Hillary Clinton. #utpol h‚Ä¶",6,0,Utah Politics Retweeter and Autofollow,2016-03-20 17:19:06,17239307,utahpolitics,utahpolitics,2008-11-07 21:27:07,"Politics in Utah, what else?",9960,7444,Utah,Mountain Time (US & Canada),1,0.265
70,34539,711601902828388352,"RT @brinleedavis07: Clinton vs Trump

C-lies to American ppl about being a piece of human garbage

T-honest to American ppl about being a p‚Ä¶",13,0,Twitter for iPad,2016-03-20 17:14:49,92146391,megsfields,Megan Fields,2009-11-23 23:38:12,I like good company.,429,219,"Provo, Utah",Mountain Time (US & Canada),0,1.0
71,35220,711600031229284352,"RT @conservadox: And if Trump could lose Utah to Clinton AND Sanders, there's no telling how many other red states he would lose. Many will‚Ä¶",5,0,Twitter for Android,2016-03-20 17:07:22,1673406060,Jacki8182,Jacki - #never trump,2013-08-15 15:31:29,I have been happily married since I was 18 I have 4 beautiful children I love God and my country I stand with Israel and I support cruz.#nevertrump,1595,1589,utah ,,0,1.0
72,37345,711594427848896512,RT @FaceTheNation: .@BernieSanders: People will appreciate when they look at the polls that I do better against Donald Trump than Hillary C‚Ä¶,956,0,Twitter for Android,2016-03-20 16:45:07,731459184,MallyBills,MallyB,2012-08-01 21:07:56,Attitude is everything.  :),221,288,"Sandy, Utah",Mountain Time (US & Canada),0,1.0
73,39019,711590039847723008,"RT @CarlyFiorina: If we judge a leader on his record, we know what Trump will do: use public power for private gain. https://t.co/GqCHyBbW2L",1443,0,Twitter for Android,2016-03-20 16:27:40,337872124,christ_Sto,Todd S,2011-07-18 18:26:19,Why is it that commonsense eludes so many people. # nevertrump,59,92,Utah,Pacific Time (US & Canada),0,1.0
74,39058,711589947971477504,"RT @ABCPolitics: ABC/WaPo poll: 67% of Americans view Donald Trump unfavorably, up 8 points from November https://t.co/hvindPxAEN https://t‚Ä¶",987,0,Twitter for Android,2016-03-20 16:27:18,337872124,christ_Sto,Todd S,2011-07-18 18:26:19,Why is it that commonsense eludes so many people. # nevertrump,59,92,Utah,Pacific Time (US & Canada),0,1.0
75,39108,711589808527642624,RT @guardian: Bernie Sanders: Clinton 'creamed us' in south but west coast will be better https://t.co/tMXbk5HP4f,46,0,Twitter for iPhone,2016-03-20 16:26:45,3281245442,nataliewrites,Natalie R. Collins,2015-07-16 04:24:39,"Author of WIVES AND SISTERS, TIES THAT BIND, TUTU DEADLY, TAPPED OUT and more. Living the #gypsylife in a trailer and exploring the world around me.",156,125,"Utah, USA",America/Denver,0,1.0
76,41952,711581963136544769,"RT @realDonaldTrump: Hillary Clinton said that it is O.K. to ban Muslims from Israel by building a WALL, but not O.K. to do so in the U.S. ‚Ä¶",7846,0,Twitter for Android,2016-03-20 15:55:35,17148456,gcamp4,Gaston Campbell,2008-11-04 04:04:51,I am a proud supporter of Trump. Christian. patriot. US vet. Love USA with all my heart. No PC,5653,4804,Utah,America/Denver,0,1.0
77,43901,711576580934356992,"Hey @FiveThirtyEight, when was the last time ANY poll in Utah showed the Democrat in the lead? 48-36 for Clinton. https://t.co/a5WGinqYN9",0,1,Twitter Web Client,2016-03-20 15:34:12,1892676876,JSilverzweig,Joseph Silverzweig,2013-09-22 06:27:04,"BlockU writer, Utah Utes football analysis through advanced metrics and deep statistics. Attorney by day.",691,421,"Midway, Utah",,0,1.0
78,44480,711575065314205696,"RT @realDonaldTrump: Hillary Clinton said that it is O.K. to ban Muslims from Israel by building a WALL, but not O.K. to do so in the U.S. ‚Ä¶",7846,0,Twitter for Android,2016-03-20 15:28:10,2352454506,Derek_Vinyard_X,Derek Vinyard,2014-02-20 00:42:26,"Musician, Tolkien fan, and a Nationalist.  Agnostic.  Anti-Migrant, and Anti-Israel firsters.  Let's put USA first! #Trump2016 #AlwaysTrump",521,134,"Utah, USA",Arizona,0,1.0
79,45812,711571409235935232,"RT @CATS_PAWS: @apollobartender @desilee49 @robinlmeade @bad_bad_bernie Bernie served people. His net worth: $350,000. Clinton greedily ser‚Ä¶",5,0,Twitter for Android,2016-03-20 15:13:38,510871910,e00donohue,Ernest Donohue,2012-03-01 21:20:42,"Love eating, drinking, music, and the outdoors",399,370,Northern Utah,Mountain Time (US & Canada),0,1.0
80,47066,711568164795125761,Mothers of victims of police violence stump for candidate https://t.co/ylL3ISwKIq,0,0,Hootsuite,2016-03-20 15:00:45,36198016,SpectrumNews,The Spectrum,2009-04-28 22:05:17,The Spectrum is southern Utah's No. 1 source for news and information.,7436,960,Southern Utah,Mountain Time (US & Canada),0,1.0
81,47756,711566582938509312,"Disaster looms in Hillary's fantasy campaign. Dick Nixon has some advice. https://t.co/3KzCVIxZY2 

The room is small. Barely furnished. A‚Ä¶",0,0,IFTTT,2016-03-20 14:54:28,2393298072,thunderbluex76,Steve Lemke,2014-03-16 21:30:21,"Angels, Lakers and Rams Fan, semi-tall guy and resident of the Beehive State",1820,1892,"St George, Utah ",Mountain Time (US & Canada),0,1.0
82,47979,711566278066966528,Disaster looms in Hillary's fantasy campaign. Dick Nixon has some advice.: The room is small. Barely furnished... https://t.co/YAeG9fdcT5,0,0,twitterfeed,2016-03-20 14:53:15,2161400304,Dfeley365,Dave Eley,2013-10-28 18:33:43,"Specialist in Web traffic, Lead Capture & Conversion",79,65,"Salt Lake City, Utah",Mountain Time (US & Canada),0,1.0
83,48433,711565693829820416,"RT @KLSouth: 5 reasons I like #Trump
#1 NOT a lawyer
#2 NOT ‚Äòowned‚Äô
#3 Dislodged Bush dynasty
#4 Will dislodge Clinton dynasty
#5 Pragmatic‚Ä¶",54,0,Twitter for Android,2016-03-20 14:50:56,17148456,gcamp4,Gaston Campbell,2008-11-04 04:04:51,I am a proud supporter of Trump. Christian. patriot. US vet. Love USA with all my heart. No PC,5653,4803,Utah,America/Denver,6,0.009
84,49065,711564174430568448,RT @FaceTheNation: .@BernieSanders: People will appreciate when they look at the polls that I do better against Donald Trump than Hillary C‚Ä¶,956,0,Twitter for iPhone,2016-03-20 14:44:54,22330800,LouiseEdington,Louise Edington,2009-03-01 04:17:13,"Intuitive Astrologer/Coach. Activist, Bernie Lover, Equality, Renewable Energy, Unleashing YOUR wild spirit. WEIP?  ‚ôêÔ∏èsun ‚ôäÔ∏èmoon ‚ôëÔ∏èrising ‚ôèÔ∏èmidheaven",6495,6587,Embracing the weird in Utah ,Mountain Time (US & Canada),0,1.0
85,49092,711564111729917952,"RT @ByronTau: Sanders runs 10 points stronger against Trump than Clinton in UT. 
Clinton 38% - Trump 36%, Sanders 48% - Trump 37%
https://t‚Ä¶",20,0,Twitter for Android,2016-03-20 14:44:39,724756249,KarmaLogic62,Karma,2012-07-29 22:35:19,Socialist baby boomer living in the reddest state,169,200,Utah,Mountain Time (US & Canada),0,1.0
86,49653,711562526572433408,A Brokered Convention = A Hillary Clinton Victory.  Is this what you want @GOP?,1,2,Twitter for Android,2016-03-20 14:38:21,2352454506,Derek_Vinyard_X,Derek Vinyard,2014-02-20 00:42:26,"Musician, Tolkien fan, and a Nationalist.  Agnostic.  Anti-Migrant, and Anti-Israel firsters.  Let's put USA first! #Trump2016 #AlwaysTrump",521,134,"Utah, USA",Arizona,0,1.0
87,49822,711562055812251648,@CougarCentreSLC @flywithkris you going to vote for Clinton?,0,1,Mobile Web (M5),2016-03-20 14:36:28,49803700,Pioneerloft,Tyler,2009-06-22 23:13:46,"BYU Football fan.
Weber State Basketball fan. Oakland A's and Colorado Rockies fan",329,132,Clearfield Utah,Mountain Time (US & Canada),0,1.0
88,49963,711561682233864193,RT @HuffPostWomen: Let's stop pretending people would be satisfied if Hillary Clinton spoke more quietly https://t.co/4D7A5SahNd,38,0,Twitter for Android,2016-03-20 14:34:59,2170375340,TaberleeR,Tabe,2013-11-02 14:40:47,"Wife, mother, proud Utahn, feminist and liberal? I have really got it all :) my content does not represent the views of my employer.",90,272,"Utah, USA",,0,1.0
89,342,712065783107620864,RT @WorkerFreedom: #CoalMiners for #Hillary's weekly meeting https://t.co/anAmEpSS5U https://t.co/Yr8RZO6lp3,3,0,Twitter for Android,2016-03-21 23:58:06,127701067,TAvery88,Travis Avery,2010-03-30 00:41:58,"Life long 49ers fan. Proud father, husband, and Coal Miner.",134,507,Southern utah,,2,0.127
90,760,712065253736095744,"Clinton brings 2016 fight to #AIPAC stage, takes shots at Trump... https://t.co/GUy48qSfC9",0,0,Google,2016-03-21 23:56:00,2810050196,amandsst,Amanda,2014-09-14 19:58:52,"If you need space, work at NASA.",28001,28036,Utah,Mountain Time (US & Canada),1,0.265
91,847,712065156948201475,"RT @NBCInvestigates: Clinton says majority of $ from small donations. @PolitiFact finds that ""mostly false."" https://t.co/Ry4ewdv8Q0 https:‚Ä¶",797,0,Twitter for iPhone,2016-03-21 23:55:37,48194592,TheNamesEdward,Edward Agadjanian,2009-06-18 01:24:49,"Movie critic, Writer, Film Super-Lover. Join the conversation, fellow cinephiles!",168,51,"Midvale, Utah",Mountain Time (US & Canada),0,1.0
92,1395,712064410936696833,RT @OmanReagan: The longer Clinton runs the lower her approval rating goes. https://t.co/2HrCFFFBpQ #DumpHill https://t.co/fM7QuVRLNC,46,0,Twitter Web Client,2016-03-21 23:52:39,707270014395527168,ofthreeleaves,Nora,2016-03-08 18:21:26,"Writer, lucid dreamer, rose hybridizer. #FeeltheBern",22,87,"Utah, USA",Pacific Time (US & Canada),1,0.265
93,1681,712063977014988800,#Clinton the Corporatist wanting us to buy her Ideas! NO Thank You.. Join the #PoliticalRevolution #GOTVforBernie  https://t.co/2PWEfy1giT,0,0,Twitter Web Client,2016-03-21 23:50:56,724756249,KarmaLogic62,Karma,2012-07-29 22:35:19,Socialist baby boomer living in the reddest state,169,200,Utah,Mountain Time (US & Canada),3,0.063
94,1850,712063697057779713,"RT @CBSEveningNews: Clinton continues her focus on general election, but new poll has her only 5pts behind Sanders. @nancycordes reports ht‚Ä¶",24,0,Twitter Web Client,2016-03-21 23:49:49,707270014395527168,ofthreeleaves,Nora,2016-03-08 18:21:26,"Writer, lucid dreamer, rose hybridizer. #FeeltheBern",22,87,"Utah, USA",Pacific Time (US & Canada),0,1.0
95,2476,712062683118370816,RT @AmbJohnBolton: Hillary Clinton &amp; her top aides didn't just make a few small violations of laws. They made wholesale violations &amp; they d‚Ä¶,263,0,Twitter for iPhone,2016-03-21 23:45:47,2593948945,GraziLee25,Graziella,2014-06-29 00:40:38,,79,471,"Utah, USA",Central Time (US & Canada),0,1.0
96,2835,712062164899508224,RT @realtucsonn8tiv: If Bill Clinton manipulates OUR election we need to report it (602) 542-8683 https://t.co/APP692KQVW #Tucson #Tempe #P‚Ä¶,16,0,Twitter Web Client,2016-03-21 23:43:44,724756249,KarmaLogic62,Karma,2012-07-29 22:35:19,Socialist baby boomer living in the reddest state,169,200,Utah,Mountain Time (US & Canada),3,0.063
97,3058,712061800582262784,Wow Women dislike #Drumpf more than Men dislike #Clinton !! =-0 #Bernie is #ForThePeople all People #GOTVforBernie https://t.co/bnPUMphP81,1,2,Twitter Web Client,2016-03-21 23:42:17,724756249,KarmaLogic62,Karma,2012-07-29 22:35:19,Socialist baby boomer living in the reddest state,169,200,Utah,Mountain Time (US & Canada),5,0.018
98,3119,712061708085239809,RT @cristinalaila1: BREAKING: Bill Clinton makes emergency call to Obama reminding him to bring back some Cuban cigars. #CubaVisit https://‚Ä¶,346,0,Twitter Web Client,2016-03-21 23:41:55,3358259211,INCKHICKLE,Nick,2015-07-04 08:39:14,"Hello im Nick Hickle and i make video's some time .

you can subscribe like or  on these websites

https://t.co/I7W8HbUlSH¬† 

https://t.co/TaGn8Y4h53¬†‚Ä¶

:D",107,504,Utah,,1,0.265
99,6126,712057726742953987,"Bernie Sanders says Democratic primary is at 'halftime,' believes he can defeat Clinton in Utah, U.S. https://t.co/lfz5sImJSo #Utah",0,0,Buffer,2016-03-21 23:26:06,3021903990,UtahPage,UtahPage,2015-02-16 04:50:41,,8987,55,"Salt Lake City, Utah",,1,0.265
100,6905,712056830541885441,Britney Spears Gushes Over Meeting Hillary Clinton: ‚ÄòSuch... https://t.co/gGeJLvQDjg #britneyspears,1,0,Google,2016-03-21 23:22:32,2810050196,amandsst,Amanda,2014-09-14 19:58:52,"If you need space, work at NASA.",28000,28036,Utah,Mountain Time (US & Canada),1,0.265
101,7004,712056720332226560,GOP front-runner tells CNN Clinton lacks 'strength' to be president https://t.co/b0JIeRAzvE,0,0,twitterfeed,2016-03-21 23:22:06,80202378,JaniceHarris,Janice Harris,2009-10-06 03:18:49,,1516,1787,Utah,Mountain Time (US & Canada),0,1.0
102,7151,712056517042647040,Bill Clinton Slams Obama‚Äôs ‚ÄúAwful Legacy‚Äù https://t.co/LiBhkXTF3w via @YouTube,0,0,Twitter Web Client,2016-03-21 23:21:17,93140305,ALRMCoug,ALRMCoug,2009-11-28 07:34:56,,177,601,Utah,Eastern Time (US & Canada),0,1.0
103,7350,712056283281526784,"RT @cascamike: clinton allies keep loudly whispering bernie should get out, while national polls show the race narrowing: https://t.co/ODHR‚Ä¶",112,0,Twitter Web Client,2016-03-21 23:20:21,707270014395527168,ofthreeleaves,Nora,2016-03-08 18:21:26,"Writer, lucid dreamer, rose hybridizer. #FeeltheBern",22,87,"Utah, USA",Pacific Time (US & Canada),0,1.0
104,8854,712054588392603648,"RT @conradhackett: Statements rated mostly false, false, or pants on fire false
Trump 78%
Cruz 65%
Kasich 33%
Sanders 31%
Clinton 28% https‚Ä¶",945,0,Twitter Web Client,2016-03-21 23:13:37,14163896,rraleigh,rraleigh,2008-03-17 15:53:52,"Layabout, gowk, barmie, blaggard.",288,1057,"Salt Lake City, Utah, USA",Mountain Time (US & Canada),0,1.0
105,9160,712054217637294082,Read Hillary Clinton‚Äôs Speech to AIPAC via https://t.co/8CCsRqZvSk https://t.co/lDp5bHJ3le https://t.co/BS0gGgMU6m,0,0,IFTTT,2016-03-21 23:12:09,721221434,TheSavageTami,Tami Savage,2012-07-28 01:14:36,Professional Problem Solver & Solutions Master | #Sales & #Marketing Advisor | #DontMessWithTami | #Writer | #Dreamer | #SavageWoman living the #MomLife,1973,2225,"Salt Lake City, Utah",Mountain Time (US & Canada),0,1.0
106,9530,712053776991977472,"RT @wikileaks: Dear @Facebook: stop censoring our Hillary Clinton email release. No, really. Stop it. There is no technical excuse. https:/‚Ä¶",5708,0,Twitter for Android,2016-03-21 23:10:24,24443581,iGarett,IC‚àÜRUS,2009-03-14 22:43:16,"Raw, unmedicated heart. No substitute.",601,521,"St.George, Utah",Mountain Time (US & Canada),0,1.0
107,12885,712049040339251200,RT @BenSpielberg: 6) There are big differences between Sanders &amp; Clinton; some are bigger than those between Clinton &amp; the GOP. https://t.c‚Ä¶,143,0,Twitter for iPhone,2016-03-21 22:51:35,22330800,LouiseEdington,Louise Edington,2009-03-01 04:17:13,"Intuitive Astrologer/Coach. Activist, Bernie Lover, Equality, Renewable Energy, Unleashing YOUR wild spirit. WEIP?  ‚ôêÔ∏èsun ‚ôäÔ∏èmoon ‚ôëÔ∏èrising ‚ôèÔ∏èmidheaven",6496,6588,Embracing the weird in Utah ,Mountain Time (US & Canada),0,1.0
108,12937,712048981233115136,"RT @ggreenwald: Again, there's a reason why so many of the worst neocons have proclaimed that they'll vote for Clinton over Trump. https://‚Ä¶",723,0,Twitter for iPhone,2016-03-21 22:51:21,22330800,LouiseEdington,Louise Edington,2009-03-01 04:17:13,"Intuitive Astrologer/Coach. Activist, Bernie Lover, Equality, Renewable Energy, Unleashing YOUR wild spirit. WEIP?  ‚ôêÔ∏èsun ‚ôäÔ∏èmoon ‚ôëÔ∏èrising ‚ôèÔ∏èmidheaven",6496,6588,Embracing the weird in Utah ,Mountain Time (US & Canada),0,1.0
109,13557,712048095710810112,Um? Bill Clinton: We Need To Put The ‚ÄòAwful Legacy‚Äô Of The Obama Years Behind Us [VIDEO] https://t.co/ZPbS1AfhCY via @dailycaller,0,0,Twitter Web Client,2016-03-21 22:47:49,26695954,kateofkatehall1,Kate Lusty,2009-03-26 05:28:00,"Lawyer; fan of Shakespeare, classical music, beauty, and black labs; my book, The Ghosts of Jubilee, is now available on Amazon!",738,943,"St. George, Utah",Mountain Time (US & Canada),0,1.0
110,17749,712041982890262528,"RT @leahmcelrath: Sanders' use of the term ""occupation"" is in stark contrast to Clinton's failure to mention Palestinians at all.

#AIPAC20‚Ä¶",7,0,Twitter for iPhone,2016-03-21 22:23:32,22330800,LouiseEdington,Louise Edington,2009-03-01 04:17:13,"Intuitive Astrologer/Coach. Activist, Bernie Lover, Equality, Renewable Energy, Unleashing YOUR wild spirit. WEIP?  ‚ôêÔ∏èsun ‚ôäÔ∏èmoon ‚ôëÔ∏èrising ‚ôèÔ∏èmidheaven",6496,6590,Embracing the weird in Utah ,Mountain Time (US & Canada),1,0.265
111,18201,712041286539280384,"RT @michaelallenmar: After AIPAC today..

WAKE UP

HILLARY: ‚ÄúIF I'M PRESIDENT, WE WILL ATTACK IRAN‚Äù
https://t.co/q9wjSrh7Ql #feelthebern ht‚Ä¶",8,0,Twitter Web Client,2016-03-21 22:20:46,35051822,AnthropologyMom,Lizzy,2009-04-24 21:49:55,Anthropology mom to four kiddos. #FeelTheBern,297,220,Utah,Tehran,1,0.265
112,21055,712037275115380736,"RT @AASchapiro: For months, Clinton has tried to downplayed her hawkish side, to neutralize Sanders. But this speech at #AIPAC2016 is a ret‚Ä¶",12,0,Twitter for iPhone,2016-03-21 22:04:50,22330800,LouiseEdington,Louise Edington,2009-03-01 04:17:13,"Intuitive Astrologer/Coach. Activist, Bernie Lover, Equality, Renewable Energy, Unleashing YOUR wild spirit. WEIP?  ‚ôêÔ∏èsun ‚ôäÔ∏èmoon ‚ôëÔ∏èrising ‚ôèÔ∏èmidheaven",6496,6590,Embracing the weird in Utah ,Mountain Time (US & Canada),1,0.265
113,21251,712037022303657984,"RT @LindaMilazzo: Unlike AIPAC tools Hillary Clinton &amp; Republicans, Bernie Sanders knows he works for America; NOT Israel. #AIPAC2016  http‚Ä¶",18,0,Twitter for iPhone,2016-03-21 22:03:49,22330800,LouiseEdington,Louise Edington,2009-03-01 04:17:13,"Intuitive Astrologer/Coach. Activist, Bernie Lover, Equality, Renewable Energy, Unleashing YOUR wild spirit. WEIP?  ‚ôêÔ∏èsun ‚ôäÔ∏èmoon ‚ôëÔ∏èrising ‚ôèÔ∏èmidheaven",6496,6590,Embracing the weird in Utah ,Mountain Time (US & Canada),1,0.265
114,21537,712036597466796034,RT @EnvisionGlobal: #TheCEOpundit Bernie Sanders's Global Victory Over Hillary Clinton: Nancy Wiechec / ReutersBernie Sanders keep... https‚Ä¶,4,0,Twitter for iPhone,2016-03-21 22:02:08,22330800,LouiseEdington,Louise Edington,2009-03-01 04:17:13,"Intuitive Astrologer/Coach. Activist, Bernie Lover, Equality, Renewable Energy, Unleashing YOUR wild spirit. WEIP?  ‚ôêÔ∏èsun ‚ôäÔ∏èmoon ‚ôëÔ∏èrising ‚ôèÔ∏èmidheaven",6496,6590,Embracing the weird in Utah ,Mountain Time (US & Canada),1,0.265
115,23031,712034244005076993,"Articles: Why I Cannot Vote for Donald Trump or Hillary Clinton https://t.co/PY4BhoymWv this author should give you pause, as he did me.",2,1,Twitter Web Client,2016-03-21 21:52:47,92775643,dgoates,David Goates,2009-11-26 15:32:24,"husband, father, grandfather, who believes politics and religion should not be taboo topics for discussion in polite company",17705,14507,"Utah, #1 in good things",Mountain Time (US & Canada),0,1.0
116,25517,712030252193730562,"If #Trump and #Clinton are on a boat and the boat sinks, who gets saved?...America #FeelTheBern",0,0,Twitter for iPad,2016-03-21 21:36:55,4781081610,tforbee3,Taylor Forbush,2016-01-19 03:33:16,Mountain Biking l Snowboarding/Skiing l Fire l Car and Truck Enthusiast l Whiskey Connoisseur l All Things Fun l IG-@tforbee,30,64,Utah,,3,0.063
117,26127,712029250203701249,"Cashier (Adventure Guide) - Clinton, UT   https://t.co/G9WNJVukox",0,0,jobs.utah.gov,2016-03-21 21:32:56,156332777,PersonCareJobUT,PersonalCare Jobs UT,2010-06-16 17:17:41,Personal Care Jobs in Utah. Click on the link for job details. Visit Department of Workforce Services(DWS) Job Connection Website to search for additional jobs.,120,22,Utah,Mountain Time (US & Canada),0,1.0
118,26151,712029213046345730,"Cashier (Adventure Guide) - Clinton, UT   https://t.co/SefD5BfRAY",0,0,jobs.utah.gov,2016-03-21 21:32:47,374085486,AllJobsUT,AllJobsUT,2011-09-15 17:45:32,,241,0,Utah,Arizona,0,1.0
119,26502,712028675869290496,"RT @Cooking4Bernie: Clinton vs. Sanders, statecraft vs. soulcraft https://t.co/RBYZsBGVFk via @BostonGlobe #BernieOrBust #IndictHillary #By‚Ä¶",4,0,Twitter Web Client,2016-03-21 21:30:39,724756249,KarmaLogic62,Karma,2012-07-29 22:35:19,Socialist baby boomer living in the reddest state,170,200,Utah,Mountain Time (US & Canada),3,0.063
120,26664,712028382716891137,"Clinton vs. Sanders, statecraft vs. soulcraft https://t.co/rjQ5Fo1mMZ via @BostonGlobe #FeelTheBern #ForThePeople #BernieOrBust",1,1,Linkis.com,2016-03-21 21:29:29,724756249,KarmaLogic62,Karma,2012-07-29 22:35:19,Socialist baby boomer living in the reddest state,170,200,Utah,Mountain Time (US & Canada),3,0.063
121,29108,712024272529543168,@Clinton_Vance12 fuuuuuuuck,0,1,Twitter for iPhone,2016-03-21 21:13:09,3236747918,kyleerenaeee23,baby ky,2015-06-05 07:39:05,eighteen | @brettgraham17 ‚ô°,322,212,"Salt Lake City, Utah",Pacific Time (US & Canada),0,1.0
122,30313,712022385591844865,The Most Conservative Candidate Who Is Electable https://t.co/hgF44oo24N via @NRO,0,0,Twitter Web Client,2016-03-21 21:05:40,26695954,kateofkatehall1,Kate Lusty,2009-03-26 05:28:00,"Lawyer; fan of Shakespeare, classical music, beauty, and black labs; my book, The Ghosts of Jubilee, is now available on Amazon!",738,943,"St. George, Utah",Mountain Time (US & Canada),0,1.0
123,31224,712020565490585600,Megyn Kelly Grills Wasserman Schultz on Hillary Clinton FBI... https://t.co/eTmpI8rCCB #megynkelly,0,1,Google,2016-03-21 20:58:26,2810050196,amandsst,Amanda,2014-09-14 19:58:52,"If you need space, work at NASA.",28003,28036,Utah,Mountain Time (US & Canada),1,0.265
124,32904,712017483444592640,"The Case for Writing-In #BernieSanders If #HillaryClinton Is the Democratic Nominee
#FeelTheBern #NeverHillary
https://t.co/UQeQTD8Nzl",0,0,Twitter Web Client,2016-03-21 20:46:11,35051822,AnthropologyMom,Lizzy,2009-04-24 21:49:55,Anthropology mom to four kiddos. #FeelTheBern,298,220,Utah,Tehran,4,0.033
125,33511,712016320942899201,"Clinton And Soros Are Behind Violent Riots At Trump Rallies, Not Sanders: 'Many protesters at a recent march n... https://t.co/fDpDuYUH3i",1,0,twitterfeed,2016-03-21 20:41:34,15855509,1059KNRS,105.9 KNRS,2008-08-14 20:39:23,"Home of Glenn Beck, Rush Limbaugh, Sean Hannity, Rod Arquette, Dave Ramsey, George Noory + FOX News, local news, traffic & weather.",1785,854,"Salt Lake City, Utah",Mountain Time (US & Canada),0,1.0
126,34142,712015215265591297,@Clinton_Vance12 do you work tonight?,0,0,Twitter for iPhone,2016-03-21 20:37:10,3236747918,kyleerenaeee23,baby ky,2015-06-05 07:39:05,eighteen | @brettgraham17 ‚ô°,322,212,"Salt Lake City, Utah",Pacific Time (US & Canada),0,1.0
127,34549,712014457900290048,Clinton's Small Business Agenda: Modestly Bigger Government via @forbes https://t.co/2salg2lYoY,0,1,Buffer,2016-03-21 20:34:10,171726464,CelticBank,Celtic Bank,2010-07-28 01:13:00,"Headquartered in Salt Lake City, Utah, CELTIC BANK was named the 8th largest SBA lender in the nation for FY 2014.",721,876,"Salt Lake City, Utah",Mountain Time (US & Canada),0,1.0
128,35834,712012041670631425,RT @intifada: Black student leader disinvited from AIPAC for opposing Hillary Clinton https://t.co/JiymvnvKCJ,11,0,Twitter for Android,2016-03-21 20:24:33,724756249,KarmaLogic62,Karma,2012-07-29 22:35:19,Socialist baby boomer living in the reddest state,171,200,Utah,Mountain Time (US & Canada),0,1.0
129,36206,712011376655343617,RT @thehill: JUST IN: Sanders defeats Clinton in Democrats Abroad primary by a margin of 2-to-1 https://t.co/6L452Zh2Yp https://t.co/ERBnGS‚Ä¶,511,0,Twitter for iPhone,2016-03-21 20:21:55,783140575,x__raycat,jackie,2012-08-26 20:26:39,@Weston_hill14 I'm the shell,181,127,Utah,Arizona,0,1.0
130,36626,712010526872580096,"With Tax Plan, #Sanders Beats Both #Clinton and #Trump by Double Digits
#FeelTheBern #StillSanders #ForThePeople
https://t.co/50rQwHFJ9v",0,1,Twitter Web Client,2016-03-21 20:18:32,35051822,AnthropologyMom,Lizzy,2009-04-24 21:49:55,Anthropology mom to four kiddos. #FeelTheBern,298,220,Utah,Tehran,6,0.009
131,36838,712010155596972033,"Can you recommend anyone for this #Transportation #job? https://t.co/Ga5ONlTvv9 #CLINTON, UT #Hiring #CareerArc",0,0,TweetMyJOBS,2016-03-21 20:17:04,149112383,tmj_UT_transp,TMJ-UT Transport.,2010-05-28 13:00:13,Follow this account for geo-targeted Transportation job tweets in Utah Non-Metro. Need help? Tweet us at @CareerArc!,290,281,Utah,,5,0.018
132,37244,712009435535704065,"I'm so glad #Bernie didn't attend this: 'Critics Aghast at 'Disgusting Speech' Clinton Just Gave to AIPAC'
https://t.co/Swc2v9FG3z",0,0,Twitter Web Client,2016-03-21 20:14:12,35051822,AnthropologyMom,Lizzy,2009-04-24 21:49:55,Anthropology mom to four kiddos. #FeelTheBern,298,220,Utah,Tehran,1,0.265
133,37438,712009093162991616,"RT @cristinalaila1: ‚úîÔ∏èHillaryüëâüèªunder FBI investigation
‚úîÔ∏èBill Clintonüëâüèªimpeached
‚úîÔ∏èSay NO to more Clinton scandals
#HillaryForPrison https:‚Ä¶",483,0,Twitter Web Client,2016-03-21 20:12:50,1436692442,Baguio_kano,Ken Provence,2013-05-17 21:12:59,"Disabled Vietnam AF VET. Worked world wide. ElectronicCrypto maintenance, UnManned Target Drone Controller, Love me some America,  Very Conservative. MolonLabe!",2719,2897,Northern Utah,Mountain Time (US & Canada),1,0.265
134,38474,712007356586983424,"Interested in a #Hospitality #job near #Clinton, UT? This could be a great fit: https://t.co/25mc4YDPbW #SONIC #Hiring #CareerArc",0,0,TweetMyJOBS,2016-03-21 20:05:56,88304861,tmj_ut_hrta,TMJ-UT HRTA Jobs,2009-11-08 00:05:55,Follow this account for geo-targeted Hospitality/Restaurant/Tourism job tweets in Utah Non-Metro. Need help? Tweet us at @CareerArc!,301,281,Utah,Eastern Time (US & Canada),6,0.009
135,39001,712006485488762880,"#Sanders Says 'Never' to Nuclear Power, #Clinton Claims US Needs It
#StillSanders #NeverHillary #ForThePeople
https://t.co/osjCDuzC6L",1,2,Twitter Web Client,2016-03-21 20:02:29,35051822,AnthropologyMom,Lizzy,2009-04-24 21:49:55,Anthropology mom to four kiddos. #FeelTheBern,298,220,Utah,Tehran,5,0.018
136,41803,712002006739603456,"KSL: Polls indicate that only Kasich can beat Clinton in November.

Mitt/Cruz advertisements state  the opposite.",0,0,Twitter for iPhone,2016-03-21 19:44:41,933499622,utahbug,Utah Bug,2012-11-08 02:50:53,"Interested in news events, politics, science, and a touch of Utah religion. Please don't assign me to a political party.",335,755,Utah,Mountain Time (US & Canada),0,1.0
137,42259,712001181577519104,"Google built tech to support the Syrian uprising, Clinton email says - https://t.co/3P8uWDSaEG - by",0,0,IFTTT,2016-03-21 19:41:24,2393298072,thunderbluex76,Steve Lemke,2014-03-16 21:30:21,"Angels, Lakers and Rams Fan, semi-tall guy and resident of the Beehive State",1818,1892,"St George, Utah ",Mountain Time (US & Canada),0,1.0
138,43274,711999592410128384,"RT @WashTimes: Hillary Clinton, Bernie Sanders ahead of Donald Trump in Utah ‚Äî the reddest state in nation https://t.co/C0IgKYpAvB",31,0,Twitter for Android,2016-03-21 19:35:05,2796169403,qwnnbee,Laurel Harness,2014-09-30 19:49:12,,12,29,"Utah, USA",,0,1.0
139,43648,711998972215230464,RT @guardian: Elizabeth Warren attacks Donald Trump: 'He knows he's a loser' ‚Äì live https://t.co/PMeJ10idcU,60,0,Twitter Web Client,2016-03-21 19:32:37,3281245442,nataliewrites,Natalie R. Collins,2015-07-16 04:24:39,"Author of WIVES AND SISTERS, TIES THAT BIND, TUTU DEADLY, TAPPED OUT and more. Living the #gypsylife in a trailer and exploring the world around me.",156,124,"Utah, USA",America/Denver,0,1.0
140,46066,711994922115534848,"@EdgeofSports Problem w/ur PEP-Clinton not so progressive on lots (&amp; lots) of issues-privacy, war, mass incarceration, single payer insur...",0,0,Twitter Web Client,2016-03-21 19:16:32,17026300,kendavey,Ken Davey,2008-10-28 19:03:32,"Regrets?  I've had a few. Actually, more than a few. A whole bunch. A really big whole bunch.",82,200,"Moab, Utah",Mountain Time (US & Canada),0,1.0
141,46555,711994087952371712,RT @jimsteineke: It's clear that conservatives in WI have one choice to defeat both Trump &amp; Clinton &amp; that is @SenTedCruz,370,0,Twitter for Android,2016-03-21 19:13:13,1673406060,Jacki8182,Jacki - #cruzcrew,2013-08-15 15:31:29,I have been happily married since I was 18 I have 4 beautiful children I love God and my country I stand with Israel and I support cruz.#nevertrump,1598,1593,utah ,,0,1.0
142,47966,711991868020674561,Britney Spears meets Hillary Clinton in Las Vegas ##BritneySpears... https://t.co/EkG5Iinm9n,0,0,Google,2016-03-21 19:04:24,2810050196,amandsst,Amanda,2014-09-14 19:58:52,"If you need space, work at NASA.",28007,28035,Utah,Mountain Time (US & Canada),2,0.127
143,48686,711990728671428608,"@CGasparino @HillaryClinton @Varneyco @FoxBusiness FBI will slap the Clinton staffers, Hillary will be president. The public gets screwed",0,0,Twitter for Android,2016-03-21 18:59:52,172980119,ogdenjohnboy,john mcclellan,2010-07-31 03:07:31,"Architectural engineer, construction manager",9,104,"Friggin Ogden, Utah ",,0,1.0
144,427,712427664825384961,"RT @RobertGehrke: Want to keep Donald Trump from being president? #VoteGehrke.*

*Also 99% effective in stopping Kasich, Sanders, Cruz or C‚Ä¶",4,0,Utah Politics Retweeter and Autofollow,2016-03-22 23:56:06,17239307,utahpolitics,utahpolitics,2008-11-07 21:27:07,"Politics in Utah, what else?",9961,7444,Utah,Mountain Time (US & Canada),1,0.265
145,683,712427121138741252,"RT @conradhackett: Statements rated mostly false, false, or pants on fire false
Trump 78%
Cruz 65%
Kasich 33%
Sanders 31%
Clinton 28% https‚Ä¶",403,0,Twitter for iPhone,2016-03-22 23:53:56,486059857,Dimond_pearl,Kanchana Warner,2012-02-07 21:44:53,Market Research /Independent recruiter/consultant,170,213,"Salt Lake City, Utah",,0,1.0
146,4170,712420403994472448,As soon as Clinton or Cruz is voted in we will be bombed bad! Watch. They know zero leaderships from afar! https://t.co/T6jTKbEL7V,0,1,Twitter for iPhone,2016-03-22 23:27:15,3308267474,sage_road,Sage Road Ranch,2015-08-07 00:01:33,"Professional Hospital Exec, MBA, US Marine, Mom, Grandma, Cowgirl, dog/horse rescurer & Conservative Republican! Lets make positive change with D. Trump 2016",1082,192,Utah & California,,0,1.0
147,4391,712420052453052416,How can anyone say Clinton? She KILLED Americans. Listen 2her today it's all our fault not Muslims. Get real voters. https://t.co/WhUTgX9TOG,1,0,Twitter for iPhone,2016-03-22 23:25:51,3308267474,sage_road,Sage Road Ranch,2015-08-07 00:01:33,"Professional Hospital Exec, MBA, US Marine, Mom, Grandma, Cowgirl, dog/horse rescurer & Conservative Republican! Lets make positive change with D. Trump 2016",1082,192,Utah & California,,0,1.0
148,5504,712418118992179200,RT @kinggofchevron: I can't stand that people are going to vote for Hilary Clinton solely on the fact that she is a woman.,8,0,Twitter for iPhone,2016-03-22 23:18:10,383954538,dannyalexson,Sinisterra,2011-10-02 20:16:51,I hate to say it but you're so much more endearing with the sound turned off.,921,484,"West Valley, Utah",Central Time (US & Canada),0,1.0
149,5650,712417855438893058,RT @HuffingtonPost: Americans trust Hillary Clinton over Donald Trump on terrorism https://t.co/DTtrx8YpER https://t.co/xXdc7vDO32,243,0,Twitter for iPad,2016-03-22 23:17:07,2214361159,lvtobehpy,Kathleen M Hobbs,2013-11-25 16:56:42,,40,81,Draper Utah,,0,1.0
150,5769,712417650199101444,Experts see little chance of charges in Clinton email case https://t.co/S38ANoROWN https://t.co/2xQ5Ec24TE,1,0,SocialNewsDesk,2016-03-22 23:16:18,208179565,KSL5TV,KSL 5 TV,2010-10-26 20:01:47,"Home of KSL 5 News and Studio 5, and the local affiliate for NBC programming. Broadcasting from Salt Lake City, Utah. Got news? Email: social@ksl.com",38077,196,"Salt Lake City, Utah",Mountain Time (US & Canada),0,1.0
151,7117,712414959083192320,"Western states caucus night: Trump, Clinton aim to pad delegate lead -‚Ä¶ https://t.co/DLBAMWhreU  -   - #stgeorge https://t.co/NtVaZOmVrX",0,0,dlvr.it,2016-03-22 23:05:36,167846915,StGeorgeNews,St. George Utah News,2010-07-17 17:33:08,"Tweeting news from St.George, Utah as a public service. Follow us!",4782,1730,"St. George, Utah",Pacific Time (US & Canada),1,0.265
152,8392,712412550743261184,"RT @vicenews: US response to #Brussels: Obama for unity, Clinton for tighter security, Trump for torture https://t.co/SBdQ8eLzYz https://t.‚Ä¶",311,0,Twitter Web Client,2016-03-22 22:56:02,43176795,GKL1961,GAY K,2009-05-28 19:25:58,"A strong Democrat in a Republican state. Likes NYC, traveling, Betty Buckley, Justin Utley, Julie Andrews,, Sound of Music-Movie and play.",635,508,"Kearns, Utah",Mountain Time (US & Canada),1,0.265
153,9930,712409750680416256,RT @Donkey_Feed: Fact checkers confirm #HillaryClinton is more honest than any of her 2016 opponents https://t.co/nog1KgTqfA via @dailynews‚Ä¶,19,0,Twitter Web Client,2016-03-22 22:44:55,43176795,GKL1961,GAY K,2009-05-28 19:25:58,"A strong Democrat in a Republican state. Likes NYC, traveling, Betty Buckley, Justin Utley, Julie Andrews,, Sound of Music-Movie and play.",635,508,"Kearns, Utah",Mountain Time (US & Canada),1,0.265
154,10714,712408234741477377,"RT @OmanReagan: ""Clinton says now she did not know about the foreign sweatshops with children..."" - when she was a director at Wal-Mart? Su‚Ä¶",9,0,Twitter for Android,2016-03-22 22:38:53,724756249,KarmaLogic62,Karma,2012-07-29 22:35:19,Socialist baby boomer living in the reddest state,174,200,Utah,Mountain Time (US & Canada),0,1.0
155,11404,712406745340125184,"How our education system is leaving the most vulnerable children behind, in 9 charts https://t.co/cfUHeGBYNd",0,0,LinkedIn,2016-03-22 22:32:58,258947006,StellaWalkAbout,Amber,2011-02-28 21:08:53,doTerra Wellness Consultant. Independent Party DJ #DJSTELLA Live Life to the Fullest! #takebackyou Ask. Believe. Receive.,229,885,"Salt Lake City, Utah",,0,1.0
156,14591,712400992533282816,"#Democrats Becoming Nervous About #Clinton‚Äôs Numbers Against Republicans:
#FeelTheBern #ImWithHer #GOTV
https://t.co/or1W5rAuus",0,1,Twitter Web Client,2016-03-22 22:10:07,35051822,AnthropologyMom,Lizzy,2009-04-24 21:49:55,"Anthropologist. Traveler, Adventurer. Mom. Progressive. #FeelTheBern #BernieOrBust #Bernie2016",319,225,Utah,Tehran,5,0.018
157,15278,712399906598572032,Andrew Johnson and Bill Clinton,0,0,Twitter Web Client,2016-03-22 22:05:48,15610480,rbourke,rbourke,2008-07-26 13:35:23,Part time aerospace consultant and full time skier,8,17,"Alta, Utah",Mountain Time (US & Canada),0,1.0
158,16456,712398030088105985,Clinton Attacks Trump‚Äôs Qualifications as Candidates Speak... https://t.co/aJszqtqJjj #aipac,0,0,Google,2016-03-22 21:58:20,2810050196,amandsst,Amanda,2014-09-14 19:58:52,"If you need space, work at NASA.",28010,28029,Utah,Mountain Time (US & Canada),1,0.265
159,16556,712397838395650048,Focus Group Member: Clinton is the worst liar I‚ÄôVE EVER SEEN (VIDEO) https://t.co/mGRB5Q3iw8 via @sharethis,0,0,Twitter Web Client,2016-03-22 21:57:35,20492438,ardg65,Andres Diaz,2009-02-10 04:45:49,"Born in Venezuela, graduated from BYU. Love Baseball, coaching my youngest son, and teaching science. I'm a Mormon, I know it, I live it and I love it.",358,1052,Utah,,0,1.0
160,16999,712397044707500032,"RT @OmanReagan: Such a betrayal for @OregonGovBrown to back Clinton, smh. https://t.co/UjMj5VIe3X",5,0,Twitter for Android,2016-03-22 21:54:25,724756249,KarmaLogic62,Karma,2012-07-29 22:35:19,Socialist baby boomer living in the reddest state,176,202,Utah,Mountain Time (US & Canada),0,1.0
161,17339,712396485611167744,Clinton Anderson's #horse training fixed this problem with my #horses - the best way to mount https://t.co/Ahv5HmWSo9,2,0,Hootsuite,2016-03-22 21:52:12,4907946692,RockyMtnHorse,Rocky Mtn Horse,2016-02-14 19:08:00,"#Horses Horse training, riding, care, horsemanship, equine rescue & more, We publish eBooks 4 all things horse - 5 new books soon. Follow for updates and on FB",737,2388,"Utah, USA",Mountain Time (US & Canada),2,0.127
162,17797,712395774449987584,RT @ColeMcNeely: I lose a lot of respect for states that go Clinton's way. Also those that vote for Sanders. Basically I don't really respe‚Ä¶,104,0,Twitter for iPhone,2016-03-22 21:49:22,355108184,ZachLaugh,Zach Powell,2011-08-14 21:03:59,Private Pilot // Nightline Radio DJ // Real Estate // Sports // Politics // Utah Jazz // Movie Titanic // FSX // Photographer // Shopper // Aviation Enthusiast,1067,1787,‚ö°Ô∏èUtah ‚ö°Ô∏èIowa ‚ö°Ô∏è,Mountain Time (US & Canada),0,1.0
163,17812,712395748919259136,RT @wikileaks: Hillary Emails: Egyptian military had covertly moved into eastern #Libya by early 2011 https://t.co/66DTHPCzS9 https://t.co/‚Ä¶,603,0,Twitter Web Client,2016-03-22 21:49:16,724756249,KarmaLogic62,Karma,2012-07-29 22:35:19,Socialist baby boomer living in the reddest state,176,202,Utah,Mountain Time (US & Canada),1,0.265
164,19291,712393509978775554,@ErinG1994 @realDonaldTrump it sounded scripted.  He might just be doing it to get votes. Clinton does it all the time and gets away with it,0,1,Twitter for Android,2016-03-22 21:40:23,2352454506,Derek_Vinyard_X,Derek Vinyard,2014-02-20 00:42:26,"Musician, Tolkien fan, and a Nationalist.  Agnostic.  Anti-Migrant, and Anti-Israel firsters.  Let's put USA first! #Trump2016 #AlwaysTrump",526,137,"Utah, USA",Arizona,0,1.0
165,21449,712389489461596160,RT @gerfingerpoken: (IBD) Huma Abedin: Hillary Clinton's Unindicted Email Co-Conspirator - @IBDeditorials - https://t.co/BbXEbO6Xzm - https‚Ä¶,1,0,Twitter for Mac,2016-03-22 21:24:24,148055362,GeddyWanaBe,Joel Hughes,2010-05-25 18:32:47,,97,454,"Utah, USA",,0,1.0
166,21665,712389052989775876,RT @gerfingerpoken: (IBD) Hillary Clinton's Culture Of Corruption May Doom Her Candidacy -@IBDEditorials - https://t.co/cyyv5GUala - https:‚Ä¶,1,0,Twitter for Mac,2016-03-22 21:22:40,148055362,GeddyWanaBe,Joel Hughes,2010-05-25 18:32:47,,97,454,"Utah, USA",,0,1.0
167,21729,712388936618745856,Experts see little chance of charges in Clinton email case https://t.co/nCNtbiXKNH,0,0,dlvr.it,2016-03-22 21:22:12,290508769,Bethanieah60,Bethanie Gustus,2011-04-30 11:48:33,,394,0,Utah,,0,1.0
168,22028,712388448045301760,RT @HillarysMen: Behind The Scenes Of Hillary Clinton's Push For LGBT Rights At The State Department https://t.co/LrqNQds5n3 # via @HuffPos‚Ä¶,18,0,Twitter Web Client,2016-03-22 21:20:16,43176795,GKL1961,GAY K,2009-05-28 19:25:58,"A strong Democrat in a Republican state. Likes NYC, traveling, Betty Buckley, Justin Utley, Julie Andrews,, Sound of Music-Movie and play.",635,508,"Kearns, Utah",Mountain Time (US & Canada),1,0.265
169,24271,712384271462170624,"RT @conradhackett: Statements rated mostly false, false, or pants on fire false
Trump 78%
Cruz 65%
Kasich 33%
Sanders 31%
Clinton 28% https‚Ä¶",292,0,Twitter Web Client,2016-03-22 21:03:40,1568548500,ajpetebyu,Aaron Petersen,2013-07-04 16:38:52,C# webservice developer for 1800Contacts.  Happily married with two kids.,46,38,Utah,,0,1.0
170,24596,712383644254339073,Is Clinton Moving to the Right of Trump on Israel-Palestine?: All three remaining Republican candidates‚Ä¶ https://t.co/9XH3oIlUrf | @truthout,0,0,dlvr.it,2016-03-22 21:01:10,150533098,breakingslcnews,Breaking SLC News,2010-06-01 04:58:47,"Curating the best media feeds in Salt Lake City. Part of the 400-city The Breaking News Network, the largest community news network supporting the social good.",1475,696,Salt Lake City Utah,Hawaii,0,1.0
171,24602,712383636750741504,RT @Libertea2012: RT: Hillary Clinton's support tumbles in California as Sanders surges: Field‚Ä¶ https://t.co/Cqbd9QqNcx #BernieStrong https‚Ä¶,23,0,Twitter Web Client,2016-03-22 21:01:09,724756249,KarmaLogic62,Karma,2012-07-29 22:35:19,Socialist baby boomer living in the reddest state,178,202,Utah,Mountain Time (US & Canada),1,0.265
172,27405,712378333762179072,RT @BoboFromTexas: Bill Clinton slams Obama's 'awful legacy' https://t.co/ULQyh8K4S6 @RedNationRising @THETXEMBASSY @PatVPeters @SusanRempe‚Ä¶,8,0,Twitter for Android,2016-03-22 20:40:04,21643769,Felkinsworkscom,Mark A. Felkins,2009-02-23 10:19:56,"Hi welcome to my Bio.

Born Sacramento California,
 Sales,Marketing, 3D Indie Movies, Computer Guru, Republican,Enquiry News, Politics,Felkins Works,",655,1727,Utah,Pacific Time (US & Canada),0,1.0
173,27464,712378242401837056,RT @larry_kudlow: Bam! Wow! @billclinton slams Obama. But wasn't Bill the bank deregulator? 2000 bill ended Glass-Steagall.https://t.co/J26‚Ä¶,253,0,Twitter for Android,2016-03-22 20:39:42,21643769,Felkinsworkscom,Mark A. Felkins,2009-02-23 10:19:56,"Hi welcome to my Bio.

Born Sacramento California,
 Sales,Marketing, 3D Indie Movies, Computer Guru, Republican,Enquiry News, Politics,Felkins Works,",655,1727,Utah,Pacific Time (US & Canada),0,1.0
174,28972,712375851694698498,"RT @Lnnie: ""It's very clear that Hillary Clinton is the candidate of the establishment..."" Indeed it is‚ÄºÔ∏è #WesternTuesday üá∫üá∏ ‚úîÔ∏è https://t.c‚Ä¶",22,0,Twitter Web Client,2016-03-22 20:30:13,724756249,KarmaLogic62,Karma,2012-07-29 22:35:19,Socialist baby boomer living in the reddest state,178,202,Utah,Mountain Time (US & Canada),1,0.265
175,29126,712375563973885952,"RT @JohnAllenPaulos: Sanders netted more delegates w/ Democrats Abroad than Clinton netted w/ narrow wins in IL, MA, &amp; MO combined. https:/‚Ä¶",13,0,Twitter Web Client,2016-03-22 20:29:04,510871910,e00donohue,Ernest Donohue,2012-03-01 21:20:42,"Love eating, drinking, music, and the outdoors",410,379,Northern Utah,Mountain Time (US & Canada),0,1.0
176,29203,712375428699148288,RT @LeahhSmi: So excited to caucus for Hillary Clinton today in Utah! #ImWithHer #BeehiveCaucus @HillaryforUT,39,0,Twitter for iPhone,2016-03-22 20:28:32,580130219,Melomelly2,Melody Alemansour,2012-05-14 18:44:48,#imwithher,629,1079,"Utah, USA",Arizona,2,0.127
177,29581,712374781241270272,"RT @GottaLaff: ""# of Dems who consider Sanders honest/trustworthy an astonishing 84%, almost 30  higher than same # for Clinton""  https://t‚Ä¶",53,0,Twitter Web Client,2016-03-22 20:25:57,510871910,e00donohue,Ernest Donohue,2012-03-01 21:20:42,"Love eating, drinking, music, and the outdoors",410,379,Northern Utah,Mountain Time (US & Canada),2,0.127
178,30375,712373372282253312,"RT @NumbersMuncher: Hillary Clinton, who is viewed unfavorably by 53% of Americans, widens her lead over Donald Trump to 9.8. Amazing. http‚Ä¶",373,0,TweetDeck,2016-03-22 20:20:21,239533860,CoxWebDev,Seth,2011-01-17 21:07:47,"#BYU, #WebDevelopment, #FamilyMan, #American, #Conservative, #Mormon",1541,1213,Utah,Pacific Time (US & Canada),0,1.0
179,30804,712372597803978752,@jayceetaylir07 Hillary Clinton,0,1,Twitter for iPhone,2016-03-22 20:17:17,715230434,__heathaaa,michael cera,2012-07-25 01:15:35,jmw,1708,919,utah,Mountain Time (US & Canada),0,1.0
180,31773,712370966286901248,"RT @OmanReagan: Compare Clinton and Drumpf in the latest New York Times/CBS poll. And remember, people like me won't vote for her. https://‚Ä¶",7,0,Twitter Web Client,2016-03-22 20:10:48,35051822,AnthropologyMom,Lizzy,2009-04-24 21:49:55,"Anthropologist. Traveler, Adventurer. Mom. Progressive. #FeelTheBern #BernieOrBust #Bernie2016",321,225,Utah,Tehran,0,1.0
181,32687,712369232529338368,"RT @RudyHavenstein: BREAKING: Hillary Clinton set to highlight ""Dancing With The Stars"" Season 22 cast. https://t.co/w8VbVEdxr1",7,0,Twitter for iPhone,2016-03-22 20:03:54,2317951448,SallyTomatoPie,Sally Tomato Pie,2014-01-29 23:22:09,,153,247,Utah,,0,1.0
182,32773,712369067022127105,"Western states caucus night: Trump, Clinton aim to pad delegate lead -‚Ä¶ https://t.co/pi9HEnPkGD  -   - #stgeorge https://t.co/Qz2x8EBJOM",0,0,dlvr.it,2016-03-22 20:03:15,167846915,StGeorgeNews,St. George Utah News,2010-07-17 17:33:08,"Tweeting news from St.George, Utah as a public service. Follow us!",4781,1730,"St. George, Utah",Pacific Time (US & Canada),1,0.265
183,33900,712366995304423424,RT @_HankRearden: Remember: Bill Clinton repealed Glass-Steagall to help Wall Street. That's why Goldman Sachs loves HRC. #DemDebate https:‚Ä¶,119,0,Twitter Web Client,2016-03-22 19:55:01,724756249,KarmaLogic62,Karma,2012-07-29 22:35:19,Socialist baby boomer living in the reddest state,178,202,Utah,Mountain Time (US & Canada),1,0.265
184,35447,712364321792086017,"RT @slone: NEW CNN/ORC ... 3/21/16

TRUMP   47%
Cruz        31%
Kasich     17%

https://t.co/JWuJeQqU6x",13,0,The Love App,2016-03-22 19:44:24,712149954907607041,MUtah12,MiaLoveUtah12,2016-03-22 05:32:35,The first black female Republican in Congress.,48,18,"Utah, USA",,0,1.0
185,36109,712363050653724672,Did @HillaryClinton plant @SPrescottHarris and @AishaDew to Sabotage the @BernieSanders campaign? https://t.co/X0OOvKCaaV via @pivotamerica,0,0,Twitter Web Client,2016-03-22 19:39:20,3275741298,globmobcom,GlobMob|com,2015-07-11 11:55:21,Hottest news since they announced sliced bread: http://t.co/I2AXPzxvXZ - Also follow us on facebook: http://t.co/4ih1mzkiq9,599,1401,"Utah, USA",Pacific Time (US & Canada),0,1.0
186,39938,712356197379145729,"@clinton_ngn And if anything, cameras have made discrimination and war *less* palatable.",0,0,Twitter for iPhone,2016-03-22 19:12:07,216231728,Bat_Boss,pie bats,2010-11-16 03:32:40,"watchin' movies, readin' books, playin' games. Sometimes other things too.",126,102,"Salt Lake City, Utah",Mountain Time (US & Canada),0,1.0
187,39950,712356171890331648,@clinton_ngn I would argue that obsession with wealth and the various -isms long predate both cameras and capitalism.,0,0,Twitter for iPhone,2016-03-22 19:12:00,216231728,Bat_Boss,pie bats,2010-11-16 03:32:40,"watchin' movies, readin' books, playin' games. Sometimes other things too.",126,102,"Salt Lake City, Utah",Mountain Time (US & Canada),0,1.0
188,41150,712353938410897408,"FBI is ""Increasingly Certain"" that Hillary Clinton Broke the Law w/Emails - Accuracy In Media (blog) https://t.co/fBOTS1uxT5  - #BYU",0,1,dlvr.it,2016-03-22 19:03:08,167964004,BYU_News,BYU News,2010-07-18 01:05:43,"This fan site tweets news about Brigham Young University (BYU).

Operated by a BYU alumnus and is a public service of Provo's most meticulous diamond jeweler...",6402,5839,Utah County,Pacific Time (US & Canada),1,0.265
189,44234,712349058245918720,"Utah, attend the caucus TONIGHT or enjoy Pres Clinton or Pres Trump. 6 pm demo or 7pm rep. #UtahCaucus",0,0,Twitter for Android,2016-03-22 18:43:44,16203443,kikiP,kikiP,2008-09-09 15:10:24,im a mormon artist and warrior queen,246,313,utah,Mountain Time (US & Canada),1,0.265
190,44737,712348161331695616,Presidential candidates issue contrasting responses to Brussels attacks https://t.co/GrxdN3nhkx #Brussels,0,0,TweetDeck,2016-03-22 18:40:11,17007478,standardex,Standard-Examiner,2008-10-27 21:20:56,"Top of Utah's news, advertising and information source.

#standardexaminer",13298,1895,"Ogden, Utah",Mountain Time (US & Canada),1,0.265
191,44865,712347942925959168,RT @amintahill: The Case for Writing-In Bernie Sanders If Hillary Clinton Is the Democratic Nominee https://t.co/1MHn4fRxL9 via @HuffPostPol,2,0,Twitter for Android,2016-03-22 18:39:19,18455024,justag33k,Justin Jackson,2008-12-29 18:08:10,"Not a creep, just a geek! Software Engineer/Friend/Nice Guy I'm an indiscriminate Geek.",439,1019,Utah U.S.A.,Mountain Time (US & Canada),0,1.0
192,46159,712345724785045505,"RT @Libertea2012: RT LET'S FIRE HILLARY CLINTON FROM PUBLIC LIFE! She made $225,000/hour but she doesn't want WORKERS to make $15/hour.‚Ä¶",6,0,Twitter Web Client,2016-03-22 18:30:30,724756249,KarmaLogic62,Karma,2012-07-29 22:35:19,Socialist baby boomer living in the reddest state,177,202,Utah,Mountain Time (US & Canada),0,1.0
193,46302,712345464675237888,RT @gerfingerpoken: (IBD) Will Hillary Get Prosecuted Like David Petraeus? - @IBDeditorials - #PJNET https://t.co/3lSPD7nnV2 - https://t.co‚Ä¶,4,0,Twitter for Mac,2016-03-22 18:29:28,148055362,GeddyWanaBe,Joel Hughes,2010-05-25 18:32:47,,97,454,"Utah, USA",,1,0.265
194,46923,712344413016424448,"RT @wikileaks: Dear @Facebook: stop censoring our Hillary Clinton email release. No, really. Stop it. There is no technical excuse. https:/‚Ä¶",5714,0,Twitter Web Client,2016-03-22 18:25:17,35778900,chaddnielsen,Chad Nielsen,2009-04-27 16:04:25,,142,431,"Salt Lake City, Utah",Pacific Time (US & Canada),0,1.0
195,47030,712344187686002689,"RT @kslnewsradio: For the Democratic party, Hillary #Clinton leads with 1,583 delegates, Bernie #Sanders has 868. #Utahcaucus #utpol https:‚Ä¶",6,0,Twitter for iPhone,2016-03-22 18:24:23,772755097,CelinaMilner,Celina Milner,2012-08-22 02:56:20,"Director of School Engagement for Project Lead The Way (PLTW) in UT & NV, Community Liaison, Women and Children's Advocate, Aspiring Politician, & Mom",489,795,"Salt Lake City, Utah",,4,0.033
196,47208,712343822404087808,Carpe diem! It's caucus day in Utah. Stand up and be counted https://t.co/AxEYrwH6NU,0,0,Twitter for iPhone,2016-03-22 18:22:56,18700772,catmck,Cathy McKitrick,2009-01-06 23:18:08,"After 8 years reporting for The Salt Lake Tribune, I've returned to my roots at The Standard-Examiner, covering Weber County and whatever else comes my way.",1005,1110,"Ogden, Utah",Mountain Time (US & Canada),0,1.0
197,47631,712343116699701248,"RT @michaeljohns: #HillaryClinton State Department personnel coordinated Clinton Foundation meetings with foreign officials:

#tcot  https:‚Ä¶",60,0,Twitter for iPhone,2016-03-22 18:20:08,3308267474,sage_road,Sage Road Ranch,2015-08-07 00:01:33,"Professional Hospital Exec, MBA, US Marine, Mom, Grandma, Cowgirl, dog/horse rescurer & Conservative Republican! Lets make positive change with D. Trump 2016",1081,192,Utah & California,,2,0.127
198,47786,712342808653213696,"#CareerArc #Retail #Job alert: Store Counter Sales | O'Reilly Auto Parts | #CLINTON, UT https://t.co/bMRwZMHAwK #Jobs #Hiring",0,0,TweetMyJOBS,2016-03-22 18:18:54,59989716,tmj_ut_retail,TMJ-UT Retail Jobs,2009-07-25 05:23:13,Follow this account for geo-targeted Retail job tweets in Utah Non-Metro. Need help? Tweet us at @CareerArc!,334,300,Utah,Central Time (US & Canada),6,0.009
199,48071,712342370495246336,"All Star Economic News: Dave Hodges ~ From Benghazi to Belgium, Clinton https://t.co/JUMFe7ucUc",0,0,Twitter Web Client,2016-03-22 18:17:10,876259742,Conan644,Mark Mayr,2012-10-12 19:25:06,Graduate from Utah State and UC Irvine.  Writer.  Blogger.  Researcher.  Investigating the intentional destruction of the Middle Class & Artificial Fed Pumping,1347,1935,Utah,,0,1.0
200,48131,712342258490560512,"RT @STGnews: Western states caucus night: Trump, Clinton aim to pad lead
https://t.co/Lb1IwQDUpK
#stgeorge #soutah #utpol https://t.co/wH2d‚Ä¶",2,0,Twitter Web Client,2016-03-22 18:16:43,430363443,MoriKessler,Mori Kessler,2011-12-07 02:37:32,"http://t.co/Vtpz4aYbRV Reporter, unrepentant nerd and wannabe writer.",334,377,"St. George, Utah",Mountain Time (US & Canada),3,0.063
201,48308,712341951689797632,"I love how l have yet to meet one Hillary Clinton supporter, yet she's most likely going to ""win"". Corruption at its highest power.üòû",0,0,Twitter for iPhone,2016-03-22 18:15:30,1252113337,KadenTheFender,Kaden Fender,2013-03-08 16:01:41,Just do you. Stand-up comedian.,156,183,"Utah, USA",Central America,0,1.0
202,48440,712341723096047616,RT @OmanReagan: Polls show Clinton losing to Republicans. Sanders beats ALL of them in. #AZPrimary #UtahCaucus #IdahoCaucus https://t.co/hT‚Ä¶,27,0,Twitter Web Client,2016-03-22 18:14:36,35051822,AnthropologyMom,Lizzy,2009-04-24 21:49:55,"Anthropologist. Traveler, Adventurer. Mom. Progressive. #FeelTheBern #BernieOrBust #Bernie2016",321,225,Utah,Tehran,3,0.063
203,48652,712341345789063168,"RT @STGnews: Western states caucus night: Trump, Clinton aim to pad lead
https://t.co/Lb1IwQDUpK
#stgeorge #soutah #utpol https://t.co/wH2d‚Ä¶",2,0,Utah Politics Retweeter and Autofollow,2016-03-22 18:13:06,17239307,utahpolitics,utahpolitics,2008-11-07 21:27:07,"Politics in Utah, what else?",9962,7444,Utah,Mountain Time (US & Canada),3,0.063
204,48795,712341087528955904,"Western states caucus night: Trump, Clinton aim to pad lead
https://t.co/Lb1IwQDUpK
#stgeorge #soutah #utpol https://t.co/wH2dxLFz8s",2,0,Twitter Web Client,2016-03-22 18:12:04,192788396,STGnews,St. George News,2010-09-20 04:17:16,"St. George News | http://t.co/yKX2AOKp

Southern Utah e-news FREE. 

Relevant. Reliable. Representative. Interactive. 

News, sports, opinion

news@stgnews.com",9575,2273,"St. George, Utah",Mountain Time (US & Canada),3,0.063
205,49085,712340589426008065,RT @standardex: #SEeditorial: It's caucus day in Utah. Stand up and be counted. https://t.co/i98vChfF2N #utpol https://t.co/wO3T0oNJQ8,1,0,Utah Politics Retweeter and Autofollow,2016-03-22 18:10:05,17239307,utahpolitics,utahpolitics,2008-11-07 21:27:07,"Politics in Utah, what else?",9962,7444,Utah,Mountain Time (US & Canada),2,0.127
206,49187,712340432080867328,Experts see little chance of charges in Clinton email case: Asked earlier this month whether she'd be indicted... https://t.co/zs3HMLWr9C,0,0,twitterfeed,2016-03-22 18:09:28,287903668,KSLnews,KSL News,2011-04-25 22:11:45,Automated feed serving up all the https://t.co/zprV4OCiZ4 home page headlines. Also follow @KSLcom | @KSLSports | @KSL5TV | @KSLNewsradio,4518,7,"Salt Lake City, Utah",Mountain Time (US & Canada),0,1.0
207,49242,712340352187785216,#SEeditorial: It's caucus day in Utah. Stand up and be counted. https://t.co/i98vChfF2N #utpol https://t.co/wO3T0oNJQ8,1,0,TweetDeck,2016-03-22 18:09:09,17007478,standardex,Standard-Examiner,2008-10-27 21:20:56,"Top of Utah's news, advertising and information source.

#standardexaminer",13299,1895,"Ogden, Utah",Mountain Time (US & Canada),2,0.127
